name,parent,streams
Origin,,
20210401,Origin,3401003
20210402,Origin,3353005
20210403,Origin,3465392
20210404,Origin,3196333
20210405,Origin,3387753
20210406,Origin,3471548
20210407,Origin,3494531
20210408,Origin,3563382
20210409,Origin,3670260
20210410,Origin,3615273
20210411,Origin,3236348
20210412,Origin,3441106
20210413,Origin,3500924
20210414,Origin,3533904
20210415,Origin,3593664
20210416,Origin,3790521
20210417,Origin,3761274
20210418,Origin,3365173
20210419,Origin,3548446
20210420,Origin,3583393
20210421,Origin,3561205
20210422,Origin,3612778
20210423,Origin,3891641
20210424,Origin,3916811
20210425,Origin,3440900
20210426,Origin,3632519
20210427,Origin,3694453
20210428,Origin,3703357
20210429,Origin,3745593
20210430,Origin,3931158